r(t) - SetPoint; t - Tempo;e(t) - Erro;u(t) - Saído do Controlador;y(t) - Variável de Processo
1;0;1;1;0
1;0.02;1;1;0.00299925012498425
1;0.04;1;1;0.0149812656152386
1;0.06;1;1;0.0269393410225755
1;0.08;1;1;0.0388735241793123
1;0.1;1;1;0.0507838628221977
1;0.12;1;1;0.0626704045926021
1;0.14;1;1;0.0745331970367084
1;0.16;1;1;0.0863722876057023
1;0.18;1;1;0.0981877236559617
1;0.2;1;1;0.109979552449247
1;0.22;1;1;0.121747821152888
1;0.24;1;1;0.133492576839976
1;0.26;1;1;0.14521386648955
1;0.28;1;1;0.159832550853973
1;0.3;1;1;0.168586235123174
1;0.32;1;1;0.183146561543837
1;0.34;1;1;0.1947686424658
1;0.36;1;1;0.206367502454593
1;0.38;1;1;0.217943187905671
1;0.4;1;1;0.22949574512179
1;0.42;1;1;0.241025220313197
1;0.44;1;1;0.252531659597806
1;0.46;1;1;0.26401510900139
1;0.48;1;1;0.275475614457762
1;0.5;1;1;0.28691322180896
1;0.52;1;1;0.298327976805427
1;0.54;1;1;0.309719925106199
1;0.56;1;1;0.321089112279084
1;0.58;1;1;0.332435583800847
1;0.6;1;1;0.343759385057388
1;0.62;1;1;0.355060561343928
1;0.64;1;1;0.366339157865186
1;0.66;1;1;0.377595219735565
1;0.68;1;1;0.388828791979326
1;0.7;1;1;0.400039919530773
1;0.72;1;1;0.411228647234431
1;0.74;1;1;0.422395019845227
1;0.76;1;1;0.43632161679599
1;0.78;1;1;0.447437853620161
1;0.8;1;1;0.458531880188344
1;0.82;1;1;0.47236824782189
1;0.84;1;1;0.480653479972563
1;0.86;1;1;0.491681141675028
1;0.88;1;1;0.502686770094715
1;0.9;1;1;0.513670409254153
1;0.92;1;1;0.524632103087913
1;0.940000000000001;1;1;0.535571895442784
1;0.960000000000001;1;1;0.546489830077952
1;0.980000000000001;1;1;0.557385950665168
1;1;1;1;0.568260300788931
1;1.02;1;1;0.579112923946654
1;1.04;1;1;0.589943863548845
1;1.06;1;1;0.600753162919277
1;1.08;1;1;0.611540865295161
1;1.1;1;1;0.622307013827322
1;1.12;1;1;0.635734454997832
1;1.14;1;1;0.643774821532865
1;1.16;1;1;0.654476566577506
1;1.18;1;1;0.665156929521286
1;1.2;1;1;0.678477379697029
1;1.22;1;1;0.68645367990677
1;1.24;1;1;0.697070152535503
1;1.26;1;1;0.705018584492401
1;1.28;1;1;0.715597964417031
1;1.3;1;1;0.728792469502494
1;1.32;1;1;0.739324349173192
1;1.34;1;1;0.749835186134272
1;1.36;1;1;0.760325022429096
1;1.38;1;1;0.770793900017024
1;1.4;1;1;0.781241860773579
1;1.42;1;1;0.79166894649062
1;1.44;1;1;0.802075198876502
1;1.46;1;1;0.812460659556249
1;1.48;1;1;0.822825370071717
1;1.5;1;1;0.833169371881763
1;1.52;1;1;0.843492706362407
1;1.54;1;1;0.853795414807001
1;1.56;1;1;0.864077538426393
1;1.58;1;1;0.874339118349091
1;1.6;1;1;0.884580195621428
1;1.62;1;1;0.894800811207726
1;1.64;1;1;0.905001005990463
1;1.66;1;1;0.91518082077043
1;1.68;1;1;0.925340296266901
1;1.7;1;1;0.93547947311779
1;1.72;1;1;0.94559839187982
1;1.74;1;1;0.955697093028677
1;1.76;1;1;0.965775616959181
1;1.78;1;1;0.975834003985441
1;1.8;1;1;0.985872294341017
1;1.82;1;1;0.995890528179086
1;1.84;1;1;1.00588874557259
1;1.86;1;1;1.02333758168754
1;1.88;1;1;1.02831175660388
1;1.9;1;1;1.03576369861522
1;1.92;1;1;1.04815878904987
1;1.94;1;1;1.0580525743885
1;1.96;1;1;1.06792659193084
1;1.98;1;1;1.07778088117297
1;2;1;1;1.08761548153207
1;2.02;1;1;1.09743043234654
1;2.04;1;1;1.1072257728762
1;2.06;1;1;1.11700154230244
1;2.08;1;1;1.12675777972833
1;2.1;1;1;1.13649452417884
1;2.12;1;1;1.14863810207124
1;2.14;1;1;1.15590968986387
1;2.16;1;1;1.16558818875908
1;2.18;1;1;1.1752473500006
1;2.2;1;1;1.18488721222509
1;2.22;1;1;1.194507813992
1;2.24;1;1;1.20410919378377
1;2.26;1;1;1.21369139000591
1;2.28;1;1;1.22325444098723
1;2.3;1;1;1.23279838497995
1;2.32;1;1;1.24232326015985
1;2.34;1;1;1.25182910462645
1;2.36;1;1;1.26131595640314
1;2.38;1;1;1.27078385343733
1;2.4;1;1;1.28023283360063
1;2.42;1;1;1.29201751452762
1;2.44;1;1;1.29907419442278
1;2.46;1;1;1.31081183077793
1;2.48;1;1;1.32018083498916
1;2.5;1;1;1.32953111991749
1;2.52;1;1;1.33886272296407
1;2.54;1;1;1.34817568145533
1;2.56;1;1;1.35747003264312
1;2.58;1;1;1.36674581370484
1;2.6;1;1;1.37600306174364
1;2.62;1;1;1.38524181378853
1;2.64;1;1;1.39446210679451
1;2.66;1;1;1.40366397764279
1;2.68;1;1;1.41284746314084
1;2.7;1;1;1.42201260002263
1;2.72;1;1;1.43115942494872
1;2.74;1;1;1.44028797450641
1;2.76;1;1;1.44939828520993
1;2.78;1;1;1.45849039350051
1;2.8;1;1;1.46756433574662
1;2.82;1;1;1.47662014824402
1;2.84;1;1;1.48565786721599
1;2.86;1;1;1.49467752881341
1;2.88;1;1;1.50367916911493
1;2.9;1;1;1.51266282412714
1;2.92;1;1;1.52162852978466
1;2.94;1;1;1.53057632195032
1;2.96;1;1;1.53950623641532
1;2.98;1;1;1.54841830889932
1;3;1;1;1.55731257505061
1;3.02;1;1;1.56618907044628
1;3.04;1;1;1.57504783059232
1;3.06;1;1;1.58388889092379
1;3.08;1;1;1.59271228680492
1;3.1;1;1;1.60151805352933
1;3.12;1;1;1.61250052458665
1;3.14;1;1;1.6212667543856
1;3.16;1;1;1.63001546924573
1;3.18;1;1;1.63874670416191
1;3.2;1;1;1.6474604940591
1;3.22;1;1;1.65615687379245
1;3.24;1;1;1.66483587814751
1;3.26;1;1;1.6734975418403
1;3.28;1;1;1.68214189951749
1;3.3;1;1;1.69076898575652
1;3.32;1;1;1.70367730663669
1;3.34;1;1;1.70797148188458
1;3.36;1;1;1.71654696058362
1;3.38;1;1;1.72510530546479
1;3.4;1;1;1.73364655076148
1;3.42;1;1;1.74217073063869
1;3.44;1;1;1.75067787919314
1;3.46;1;1;1.75916803045344
1;3.48;1;1;1.76764121838021
1;3.5;1;1;1.77609747686621
1;3.52;1;1;1.78453683973649
1;3.54;1;1;1.79295934074851
1;3.56;1;1;1.80136501359227
1;3.58;1;1;1.8097538918905
1;3.6;1;1;1.8181260091987
1;3.62;1;1;1.82648139900537
1;3.64;1;1;1.83482009473207
1;3.66;1;1;1.84522003914808
1;3.68;1;1;1.8535212950468
1;3.7;1;1;1.86180596502517
1;3.72;1;1;1.87007408222188
1;3.74;1;1;1.87832567970942
1;3.76;1;1;1.88656079049418
1;3.78;1;1;1.89477944751661
1;3.8;1;1;1.90298168365137
1;3.82;1;1;1.91116753170739
1;3.84;1;1;1.91933702442809
1;3.86;1;1;1.92749019449145
1;3.88;1;1;1.93562707451015
1;3.9;1;1;1.94374769703174
1;3.92;1;1;1.9518520945387
1;3.94;1;1;1.95994029944865
1;3.96;1;1;1.9680123441144
1;3.98;1;1;1.97606826082416
1;4;1;1;1.98410808180159
1;4.02;1;1;1.992131839206
1;4.04;1;1;2.00013956513242
1;4.06;1;1;2.00813129161176
1;4.08;1;1;2.01610705061095
1;4.1;1;1;2.02406687403304
1;4.12;1;1;2.03201079371731
1;4.14;1;1;2.03993884143947
1;4.16;1;1;2.04785104891172
1;4.18;1;1;2.05574744778289
1;4.2;1;1;2.0636280696386
1;4.22;1;1;2.07149294600133
1;4.24;1;1;2.07934210833061
1;4.26;1;1;2.0871755880231
1;4.28;1;1;2.09694543166003
1;4.3;1;1;2.10474373988905
1;4.32;1;1;2.11252646708783
1;4.34;1;1;2.12029364438729
1;4.36;1;1;2.12804530285616
1;4.37999999999999;1;1;2.13578147350108
1;4.39999999999999;1;1;2.14350218726674
1;4.41999999999999;1;1;2.15120747503601
1;4.43999999999999;1;1;2.15889736763005
1;4.45999999999999;1;1;2.16657189580843
1;4.47999999999999;1;1;2.17423109026929
1;4.49999999999999;1;1;2.18187498164941
1;4.51999999999999;1;1;2.18950360052436
1;4.53999999999999;1;1;2.19711697740863
1;4.55999999999999;1;1;2.20471514275575
1;4.57999999999999;1;1;2.21229812695837
1;4.59999999999999;1;1;2.21986596034845
1;4.61999999999999;1;1;2.22741867319734
1;4.63999999999999;1;1;2.23495629571588
1;4.65999999999999;1;1;2.24247885805459
1;4.67999999999999;1;1;2.24998639030372
1;4.69999999999999;1;1;2.25747892249341
1;4.71999999999999;1;1;2.26495648459381
1;4.73999999999999;1;1;2.27428243109194
1;4.75999999999999;1;1;2.27986681810796
1;4.77999999999999;1;1;2.28729964916308
1;4.79999999999999;1;1;2.29471762941185
1;4.81999999999999;1;1;2.30396926597405
1;4.83999999999998;1;1;2.31135394030621
1;4.85999999999998;1;1;2.31872386004922
1;4.87999999999998;1;1;2.32607905468276
1;4.89999999999998;1;1;2.33341955362761
1;4.91999999999998;1;1;2.3407453862458
1;4.93999999999998;1;1;2.34988209713287
1;4.95999999999998;1;1;2.35535316965695
1;4.97999999999998;1;1;2.36263517888107
1;4.99999999999998;1;1;2.36990263864107
1;5.01999999999998;1;1;2.37715557800677
1;5.03999999999998;1;1;2.38439402598996
1;5.05999999999998;1;1;2.39161801154443
1;5.07999999999998;1;1;2.39882756356613
1;5.09999999999998;1;1;2.40602271089329
1;5.11999999999998;1;1;2.4132034823065
1;5.13999999999998;1;1;2.42036990652886
1;5.15999999999998;1;1;2.42752201222607
1;5.17999999999998;1;1;2.43465982800656
1;5.19999999999998;1;1;2.44178338242162
1;5.21999999999998;1;1;2.44889270396545
1;5.23999999999998;1;1;2.45598782107537
1;5.25999999999998;1;1;2.46306876213185
1;5.27999999999998;1;1;2.47190004652141
1;5.29999999999998;1;1;2.47894919493024
1;5.31999999999997;1;1;2.48598425913116
1;5.33999999999997;1;1;2.49300526726443
1;5.35999999999997;1;1;2.50001224741409
1;5.37999999999997;1;1;2.50700522760807
1;5.39999999999997;1;1;2.51398423581831
1;5.41999999999997;1;1;2.52094929996084
1;5.43999999999997;1;1;2.52790044789594
1;5.45999999999997;1;1;2.53483770742819
1;5.47999999999997;1;1;2.54176110630666
1;5.49999999999997;1;1;2.54867067222494
1;5.51999999999997;1;1;2.5555664328213
1;5.53999999999997;1;1;2.56244841567881
1;5.55999999999997;1;1;2.56931664832539
1;5.57999999999997;1;1;2.576171158234
1;5.59999999999997;1;1;2.58301197282267
1;5.61999999999997;1;1;2.58983911945468
1;5.63999999999997;1;1;2.59665262543861
1;5.65999999999997;1;1;2.60345251802852
1;5.67999999999997;1;1;2.61023882442396
1;5.69999999999997;1;1;2.61701157177019
1;5.71999999999997;1;1;2.62377078715818
1;5.73999999999997;1;1;2.63051649762483
1;5.75999999999997;1;1;2.63892968551404
1;5.77999999999996;1;1;2.64396751167156
1;5.79999999999996;1;1;2.65067286905571
1;5.81999999999996;1;1;2.65736482912688
1;5.83999999999996;1;1;2.6640434186529
1;5.85999999999996;1;1;2.67237289392391
1;5.87999999999996;1;1;2.67902149731647
1;5.89999999999996;1;1;2.68565681679059
1;5.91999999999996;1;1;2.69227887888756
1;5.93999999999996;1;1;2.69888771009563
1;5.95999999999996;1;1;2.70713018343576
1;5.97999999999996;1;1;2.71206578553361
1;5.99999999999996;1;1;2.71863508247583
1;6.01999999999996;1;1;2.72519125395401
1;6.03999999999996;1;1;2.73173432619284
1;6.05999999999996;1;1;2.73826432536461
1;6.07999999999996;1;1;2.74478127758934
1;6.09999999999996;1;1;2.75128520893484
1;6.11999999999996;1;1;2.75777614541684
1;6.13999999999996;1;1;2.76425411299911
1;6.15999999999996;1;1;2.77071913759351
1;6.17999999999996;1;1;2.77717124506015
1;6.19999999999996;1;1;2.78361046120748
1;6.21999999999996;1;1;2.79003681179236
1;6.23999999999995;1;1;2.79645032252021
1;6.25999999999995;1;1;2.80285101904508
1;6.27999999999995;1;1;2.80923892696976
1;6.29999999999995;1;1;2.8156140718459
1;6.31999999999995;1;1;2.82197647917408
1;6.33999999999995;1;1;2.82832617440393
1;6.35999999999995;1;1;2.83624545574163
1;6.37999999999995;1;1;2.84572249670517
1;6.39999999999995;1;1;2.8488751975953
1;6.41999999999995;1;1;2.85359834155535
1;6.43999999999995;1;1;2.85988485626202
1;6.45999999999995;1;1;2.86615881050394
1;6.47999999999995;1;1;2.87242022937692
1;6.49999999999995;1;1;2.87866913792665
1;6.51999999999995;1;1;2.88490556114876
1;6.53999999999995;1;1;2.89112952398897
1;6.55999999999995;1;1;2.89889199304972
1;6.57999999999995;1;1;2.90508801098035
1;6.59999999999995;1;1;2.9112716492589
1;6.61999999999995;1;1;2.91744293261993
1;6.63999999999995;1;1;2.92360188574857
1;6.65999999999995;1;1;2.92974853328066
1;6.67999999999995;1;1;2.93588289980279
1;6.69999999999995;1;1;2.94200500985243
1;6.71999999999994;1;1;2.94811488791803
1;6.73999999999994;1;1;2.95421255843912
1;6.75999999999994;1;1;2.96029804580638
1;6.77999999999994;1;1;2.96637137436177
1;6.79999999999994;1;1;2.97243256839861
1;6.81999999999994;1;1;2.97848165216169
1;6.83999999999994;1;1;2.98451864984734
1;6.85999999999994;1;1;2.99054358560358
1;6.87999999999994;1;1;2.99655648353015
1;6.89999999999994;1;1;3.00255736767865
1;6.91999999999994;1;1;3.00854626205262
1;6.93999999999994;1;1;3.01452319060765
1;6.95999999999994;1;1;3.02048817725146
1;6.97999999999994;1;1;3.02644124584401
1;6.99999999999994;1;1;3.03238242019757
1;7.01999999999994;1;1;3.03831172407686
1;7.03999999999994;1;1;3.0442291811991
1;7.05999999999994;1;1;3.05013481523413
1;7.07999999999994;1;1;3.05602864980447
1;7.09999999999994;1;1;3.0619107084855
1;7.11999999999994;1;1;3.06778101480544
1;7.13999999999994;1;1;3.07363959224553
1;7.15999999999994;1;1;3.07948646424009
1;7.17999999999993;1;1;3.0853216541766
1;7.19999999999993;1;1;3.09114518539586
1;7.21999999999993;1;1;3.09695708119197
1;7.23999999999993;1;1;3.10275736481254
1;7.25999999999993;1;1;3.1085460594587
1;7.27999999999993;1;1;3.11576566604161
1;7.29999999999993;1;1;3.12152837008459
1;7.31999999999993;1;1;3.1272795602372
1;7.33999999999993;1;1;3.13301925950423
1;7.35999999999993;1;1;3.13874749084447
1;7.37999999999993;1;1;3.14446427717086
1;7.39999999999993;1;1;3.15159420036044
1;7.41999999999993;1;1;3.155863606205
1;7.43999999999993;1;1;3.16154619451009
1;7.45999999999993;1;1;3.16721742899617
1;7.47999999999993;1;1;3.17287733234819
1;7.49999999999993;1;1;3.17852592720578
1;7.51999999999993;1;1;3.1841632361633
1;7.53999999999993;1;1;3.18978928177002
1;7.55999999999993;1;1;3.19540408653012
1;7.57999999999993;1;1;3.20100767290283
1;7.59999999999993;1;1;3.20660006330249
1;7.61999999999993;1;1;3.21357484103937
1;7.63999999999993;1;1;3.21914212222035
1;7.65999999999992;1;1;3.22331028213555
1;7.67999999999992;1;1;3.22885811189224
1;7.69999999999992;1;1;3.23439485707769
1;7.71999999999992;1;1;3.23992053983888
1;7.73999999999992;1;1;3.24543518227855
1;7.75999999999992;1;1;3.25093880645527
1;7.77999999999992;1;1;3.25643143438356
1;7.79999999999992;1;1;3.26191308803392
1;7.81999999999992;1;1;3.26738378933299
1;7.83999999999992;1;1;3.27284356016357
1;7.85999999999992;1;1;3.27829242236475
1;7.87999999999992;1;1;3.283730397732
1;7.89999999999992;1;1;3.29186699553964
1;7.91999999999992;1;1;3.29457377492884
1;7.93999999999992;1;1;3.29997922013197
1;7.95999999999992;1;1;3.30537386524837
1;7.97999999999992;1;1;3.31075773185664
1;7.99999999999992;1;1;3.31613084149226
1;8.01999999999992;1;1;3.32149321564766
1;8.03999999999992;1;1;3.32684487577235
1;8.05999999999992;1;1;3.33218584327299
1;8.07999999999992;1;1;3.33751613951343
1;8.09999999999992;1;1;3.34283578581489
1;8.11999999999992;1;1;3.34814480345595
1;8.13999999999992;1;1;3.35344321367268
1;8.15999999999991;1;1;3.35873103765874
1;8.17999999999991;1;1;3.36400829656543
1;8.19999999999991;1;1;3.36927501150179
1;8.21999999999991;1;1;3.37453120353469
1;8.23999999999991;1;1;3.37977689368891
1;8.25999999999991;1;1;3.3850121029472
1;8.27999999999991;1;1;3.39023685225042
1;8.29999999999991;1;1;3.39545116249757
1;8.31999999999991;1;1;3.40065505454589
1;8.33999999999991;1;1;3.40714530072147
1;8.35999999999991;1;1;3.41232582786604
1;8.37999999999991;1;1;3.41749600431047
1;8.39999999999991;1;1;3.42265585073548
1;8.41999999999991;1;1;3.42780538778045
1;8.43999999999991;1;1;3.43294463604354
1;8.45999999999991;1;1;3.43807361608176
1;8.47999999999991;1;1;3.44319234841102
1;8.49999999999991;1;1;3.44830085350627
1;8.51999999999991;1;1;3.45339915180153
1;8.53999999999991;1;1;3.45848726369
1;8.55999999999991;1;1;3.46356520952413
1;8.57999999999991;1;1;3.46863300961573
1;8.59999999999991;1;1;3.47369068423598
1;8.61999999999991;1;1;3.47873825361561
1;8.6399999999999;1;1;3.4850335356003
1;8.6599999999999;1;1;3.48880315737376
1;8.6799999999999;1;1;3.49382053201192
1;8.6999999999999;1;1;3.49882788192886
1;8.7199999999999;1;1;3.503825227154
1;8.7399999999999;1;1;3.50881258767671
1;8.7599999999999;1;1;3.51378998344646
1;8.7799999999999;1;1;3.51875743437282
1;8.7999999999999;1;1;3.52371496032561
1;8.8199999999999;1;1;3.52866258113495
1;8.8399999999999;1;1;3.53360031659131
1;8.8599999999999;1;1;3.53852818644565
1;8.8799999999999;1;1;3.54344621040945
1;8.8999999999999;1;1;3.54835440815482
1;8.9199999999999;1;1;3.55325279931455
1;8.9399999999999;1;1;3.55814140348222
1;8.9599999999999;1;1;3.56302024021225
1;8.9799999999999;1;1;3.56788932901999
1;8.9999999999999;1;1;3.5727486893818
1;9.0199999999999;1;1;3.57759834073513
1;9.0399999999999;1;1;3.5824383024786
1;9.0599999999999;1;1;3.5884746581339
1;9.0799999999999;1;1;3.5932928889807
1;9.09999999999989;1;1;3.59810149299586
1;9.11999999999989;1;1;3.60290048941378
1;9.13999999999989;1;1;3.60768989743047
1;9.15999999999989;1;1;3.61246973620356
1;9.17999999999989;1;1;3.6172400248524
1;9.19999999999989;1;1;3.62200078245817
1;9.21999999999989;1;1;3.6267520280639
1;9.23999999999989;1;1;3.63149378067458
1;9.25999999999989;1;1;3.63622605925722
1;9.27999999999989;1;1;3.64094888274095
1;9.29999999999989;1;1;3.64566227001706
1;9.31999999999989;1;1;3.65036623993912
1;9.33999999999989;1;1;3.655060811323
1;9.35999999999989;1;1;3.659746002947
1;9.37999999999989;1;1;3.66442183355189
1;9.39999999999989;1;1;3.669088321841
1;9.41999999999989;1;1;3.67374548648029
1;9.43999999999989;1;1;3.67839334609842
1;9.45999999999989;1;1;3.68303191928685
1;9.47999999999989;1;1;3.68881710499338
1;9.49999999999989;1;1;3.69343485149764
1;9.51999999999989;1;1;3.69804337173823
1;9.53999999999989;1;1;3.70264268414924
1;9.55999999999989;1;1;3.70723280712792
1;9.57999999999988;1;1;3.71181375903478
1;9.59999999999988;1;1;3.71638555819361
1;9.61999999999988;1;1;3.72094822289164
1;9.63999999999988;1;1;3.72550177137952
1;9.65999999999988;1;1;3.73004622187145
1;9.67999999999988;1;1;3.73458159254524
1;9.69999999999988;1;1;3.73910790154239
1;9.71999999999988;1;1;3.74362516696812
1;9.73999999999988;1;1;3.74813340689151
1;9.75999999999988;1;1;3.75263263934553
1;9.77999999999988;1;1;3.75712288232711
1;9.79999999999988;1;1;3.76160415379723
1;9.81999999999988;1;1;3.76607647168098
1;9.83999999999988;1;1;3.77053985386764
1;9.85999999999988;1;1;3.77499431821074
1;9.87999999999988;1;1;3.77943988252814
1;9.89999999999988;1;1;3.78387656460212
1;9.91999999999988;1;1;3.7883043821794
1;9.93999999999988;1;1;3.79272335297126
1;9.95999999999988;1;1;3.79713349465359
1;9.97999999999988;1;1;3.80153482486695
1;9.99999999999988;1;1;3.80592736121669
1;10.0199999999999;1;1;3.81031112127295
1;10.0399999999999;1;1;3.81468612257077
1;10.0599999999999;1;1;3.81905238261017
1;10.0799999999999;1;1;3.82340991885619
1;10.0999999999999;1;1;3.82775874873899
1;10.1199999999999;1;1;3.83209888965388
1;10.1399999999999;1;1;3.83643035896144
1;10.1599999999999;1;1;3.84075317398755
1;10.1799999999999;1;1;3.84506735202348
1;10.1999999999999;1;1;3.84937291032595
1;10.2199999999999;1;1;3.85366986611719
1;10.2399999999999;1;1;3.85795823658503
1;10.2599999999999;1;1;3.86223803888296
1;10.2799999999999;1;1;3.86650929013019
1;10.2999999999999;1;1;3.87077200741175
1;10.3199999999999;1;1;3.87502620777849
1;10.3399999999999;1;1;3.87927190824723
1;10.3599999999999;1;1;3.88350912580078
1;10.3799999999999;1;1;3.887737877388
1;10.3999999999999;1;1;3.89195817992392
1;10.4199999999999;1;1;3.89617005028975
1;10.4399999999999;1;1;3.90142305617074
1;10.4599999999999;1;1;3.90456856186743
1;10.4799999999999;1;1;3.90980059769296
1;10.4999999999999;1;1;3.91397681888431
1;10.5199999999999;1;1;3.91814469598015
1;10.5399999999999;1;1;3.922304245652
1;10.5599999999999;1;1;3.92645548453807
1;10.5799999999999;1;1;3.9305984292433
1;10.5999999999999;1;1;3.9347330963395
1;10.6199999999999;1;1;3.93885950236532
1;10.6399999999999;1;1;3.94297766382641
1;10.6599999999999;1;1;3.94708759719541
1;10.6799999999999;1;1;3.95118931891206
1;10.6999999999999;1;1;3.95732654052
1;10.7199999999999;1;1;3.96038825385015
1;10.7399999999999;1;1;3.96344537805301
1;10.7599999999999;1;1;3.96751441690171
1;10.7799999999999;1;1;3.97157532580537
1;10.7999999999999;1;1;3.97562812100762
1;10.8199999999999;1;1;3.97967281871966
1;10.8399999999999;1;1;3.98370943512029
1;10.8599999999999;1;1;3.98773798635596
1;10.8799999999999;1;1;3.99175848854089
1;10.8999999999999;1;1;3.99577095775711
1;10.9199999999999;1;1;4.00077527236304
1;10.9399999999999;1;1;4.00377186145082
1;10.9599999999999;1;1;4.00875619877952
1;10.9799999999999;1;1;4.01174082545173
1;10.9999999999999;1;1;4.01571336993217
1;11.0199999999999;1;1;4.01967797726344
1;11.0399999999999;1;1;4.02363466330397
1;11.0599999999999;1;1;4.02758344388053
1;11.0799999999999;1;1;4.03250832660238
1;11.0999999999999;1;1;4.03643937758784
1;11.1199999999999;1;1;4.04036257432819
1;11.1399999999999;1;1;4.04427793251623
1;11.1599999999999;1;1;4.04818546781339
1;11.1799999999999;1;1;4.05208519584981
1;11.1999999999999;1;1;4.05597713222443
1;11.2199999999998;1;1;4.05986129250498
1;11.2399999999998;1;1;4.06373769222811
1;11.2599999999998;1;1;4.06760634689943
1;11.2799999999998;1;1;4.07146727199356
1;11.2999999999998;1;1;4.07532048295421
1;11.3199999999998;1;1;4.07916599519422
1;11.3399999999998;1;1;4.08300382409566
1;11.3599999999998;1;1;4.08683398500983
1;11.3799999999998;1;1;4.0906564932574
1;11.3999999999998;1;1;4.09447136412839
1;11.4199999999998;1;1;4.09827861288229
1;11.4399999999998;1;1;4.10207825474811
1;11.4599999999998;1;1;4.10587030492443
1;11.4799999999998;1;1;4.10965477857943
1;11.4999999999998;1;1;4.11343169085103
1;11.5199999999998;1;1;4.11720105684688
1;11.5399999999998;1;1;4.12096289164444
1;11.5599999999998;1;1;4.12471721029107
1;11.5799999999998;1;1;4.12846402780403
1;11.5999999999998;1;1;4.13220335917061
1;11.6199999999998;1;1;4.1368670187692
1;11.6399999999998;1;1;4.13965962326406
1;11.6599999999998;1;1;4.14337658581599
1;11.6799999999998;1;1;4.1470861218718
1;11.6999999999998;1;1;4.15078824626961
1;11.7199999999998;1;1;4.15448297381795
1;11.7399999999998;1;1;4.15817031929572
1;11.7599999999998;1;1;4.16185029745232
1;11.7799999999998;1;1;4.16552292300765
1;11.7999999999998;1;1;4.16918821065222
1;11.8199999999998;1;1;4.1728461750472
1;11.8399999999998;1;1;4.17740835450912
1;11.8599999999998;1;1;4.18104989504572
1;11.8799999999998;1;1;4.18468415977947
1;11.8999999999998;1;1;4.18831116324745
1;11.9199999999998;1;1;4.19283472852671
1;11.9399999999998;1;1;4.19554344438913
1;11.9599999999998;1;1;4.19914875099198
1;11.9799999999998;1;1;4.20274685418744
1;11.9999999999998;1;1;4.20633776836791
1;12.0199999999998;1;1;4.20992150789707
1;12.0399999999998;1;1;4.21349808710987
1;12.0599999999998;1;1;4.21706752031263
1;12.0799999999998;1;1;4.2206298217831
1;12.0999999999998;1;1;4.22418500577049
1;12.1199999999998;1;1;4.22773308649553
1;12.1399999999998;1;1;4.23127407815055
1;12.1599999999998;1;1;4.23480799489953
1;12.1799999999998;1;1;4.23833485087813
1;12.1999999999998;1;1;4.24185466019379
1;12.2199999999998;1;1;4.24536743692575
1;12.2399999999998;1;1;4.24887319512511
1;12.2599999999998;1;1;4.25237194881492
1;12.2799999999998;1;1;4.25586371199019
1;12.2999999999998;1;1;4.25934849861799
1;12.3199999999998;1;1;4.26282632263746
1;12.3399999999998;1;1;4.2662971979599
1;12.3599999999998;1;1;4.26976113846882
1;12.3799999999998;1;1;4.27321815802
1;12.3999999999998;1;1;4.2766682704415
1;12.4199999999998;1;1;4.28011148953378
1;12.4399999999998;1;1;4.28354782906973
1;12.4599999999998;1;1;4.28697730279471
1;12.4799999999998;1;1;4.29039992442662
1;12.4999999999998;1;1;4.29381570765594
1;12.5199999999998;1;1;4.29722466614582
1;12.5399999999998;1;1;4.30062681353209
1;12.5599999999998;1;1;4.30402216342335
1;12.5799999999998;1;1;4.30825681249791
1;12.5999999999998;1;1;4.31163691764106
1;12.6199999999998;1;1;4.31501026932964
1;12.6399999999998;1;1;4.31837688105705
1;12.6599999999998;1;1;4.32173676628974
1;12.6799999999998;1;1;4.32508993846726
1;12.6999999999998;1;1;4.3284364110023
1;12.7199999999998;1;1;4.33177619728075
1;12.7399999999998;1;1;4.33510931066177
1;12.7599999999998;1;1;4.33843576447781
1;12.7799999999998;1;1;4.3417555720347
1;12.7999999999998;1;1;4.34506874661166
1;12.8199999999998;1;1;4.3483753014614
1;12.8399999999998;1;1;4.35167524981015
1;12.8599999999998;1;1;4.3549686048577
1;12.8799999999998;1;1;4.35825537977747
1;12.8999999999998;1;1;4.36153558771657
1;12.9199999999998;1;1;4.36480924179584
1;12.9399999999998;1;1;4.36807635510989
1;12.9599999999998;1;1;4.3713369407272
1;12.9799999999998;1;1;4.37459101169009
1;12.9999999999998;1;1;4.37783858101486
1;13.0199999999998;1;1;4.38107966169179
1;13.0399999999998;1;1;4.38431426668521
1;13.0599999999998;1;1;4.38754240893355
1;13.0799999999998;1;1;4.39076410134937
1;13.0999999999998;1;1;4.39397935681945
1;13.1199999999998;1;1;4.39718818820481
1;13.1399999999998;1;1;4.40039060834079
1;13.1599999999998;1;1;4.40358663003708
1;13.1799999999998;1;1;4.40677626607775
1;13.1999999999998;1;1;4.40995952922136
1;13.2199999999998;1;1;4.41313643220097
1;13.2399999999998;1;1;4.41630698772419
1;13.2599999999998;1;1;4.41947120847325
1;13.2799999999998;1;1;4.42262910710504
1;13.2999999999998;1;1;4.42578069625116
1;13.3199999999998;1;1;4.42892598851796
1;13.3399999999998;1;1;4.43363214778389
1;13.3599999999998;1;1;4.43597993827913
1;13.3799999999998;1;1;4.43910485244676
1;13.3999999999998;1;1;4.44222352303173
1;13.4199999999998;1;1;4.44533596250871
1;13.4399999999998;1;1;4.44844218332747
1;13.4599999999998;1;1;4.45154219791289
1;13.4799999999998;1;1;4.45463601866504
1;13.4999999999998;1;1;4.4577236579592
1;13.5199999999998;1;1;4.46080512814594
1;13.5399999999998;1;1;4.46388044155114
1;13.5599999999998;1;1;4.46694961047605
1;13.5799999999998;1;1;4.47001264719736
1;13.5999999999998;1;1;4.47306956396723
1;13.6199999999998;1;1;4.47612037301331
1;13.6399999999998;1;1;4.47916508653885
1;13.6599999999998;1;1;4.48220371672272
1;13.6799999999998;1;1;4.48523627571942
1;13.6999999999998;1;1;4.48826277565921
1;13.7199999999998;1;1;4.49128322864808
1;13.7399999999998;1;1;4.49429764676786
1;13.7599999999998;1;1;4.49730604207622
1;13.7799999999998;1;1;4.50030842660674
1;13.7999999999998;1;1;4.50330481236897
1;13.8199999999998;1;1;4.50629521134845
1;13.8399999999998;1;1;4.50927963550679
1;13.8599999999998;1;1;4.51225809678168
1;13.8799999999998;1;1;4.51523060708698
1;13.8999999999998;1;1;4.51819717831272
1;13.9199999999998;1;1;4.5211578223252
1;13.9399999999998;1;1;4.524112550967
1;13.9599999999998;1;1;4.52706137605703
1;13.9799999999998;1;1;4.5300043093906
1;13.9999999999998;1;1;4.53294136273946
1;14.0199999999998;1;1;4.5358725478518
1;14.0399999999998;1;1;4.53879787645239
1;14.0599999999998;1;1;4.54171736024254
1;14.0799999999998;1;1;4.54463101090018
1;14.0999999999998;1;1;4.54826488913249
1;14.1199999999998;1;1;4.55044085941309
1;14.1399999999998;1;1;4.55406023116478
1;14.1599999999998;1;1;4.55694922074986
1;14.1799999999998;1;1;4.55983243812991
1;14.1999999999998;1;1;4.56270989483779
1;14.2199999999998;1;1;4.56558160238334
1;14.2399999999998;1;1;4.56844757225337
1;14.2599999999998;1;1;4.5713078159118
1;14.2799999999998;1;1;4.57416234479957
1;14.2999999999998;1;1;4.57701117033483
1;14.3199999999998;1;1;4.57985430391287
1;14.3399999999998;1;1;4.58269175690624
1;14.3599999999998;1;1;4.58552354066474
1;14.3799999999998;1;1;4.58834966651551
1;14.3999999999998;1;1;4.59187438461581
1;14.4199999999998;1;1;4.59398498968934
1;14.4399999999998;1;1;4.59679420955369
1;14.4599999999998;1;1;4.59959781659301
1;14.4799999999998;1;1;4.60239582202172
1;14.4999999999998;1;1;4.60518823703187
1;14.5199999999998;1;1;4.6079750727931
1;14.5399999999998;1;1;4.61075634045276
1;14.5599999999998;1;1;4.61353205113594
1;14.5799999999998;1;1;4.6169938919041
1;14.5999999999998;1;1;4.61906684596202
1;14.6199999999998;1;1;4.62182595224411
1;14.6399999999998;1;1;4.62457954582817
1;14.6599999999998;1;1;4.62732763772859
1;14.6799999999998;1;1;4.63007023893772
1;14.6999999999998;1;1;4.63280736042598
1;14.7199999999998;1;1;4.63553901314187
1;14.7399999999998;1;1;4.63826520801198
1;14.7599999999998;1;1;4.64166529311469
1;14.7799999999998;1;1;4.64573419083709
1;14.7999999999998;1;1;4.64776406676329
1;14.8199999999998;1;1;4.64979090015807
1;14.8399999999998;1;1;4.65248861973893
1;14.8599999999998;1;1;4.65518094927248
1;14.8799999999998;1;1;4.65786789952803
1;14.8999999999998;1;1;4.66054948125339
1;14.9199999999998;1;1;4.66322570517488
1;14.9399999999998;1;1;4.66589658199742
1;14.9599999999998;1;1;4.6692276749413
1;14.9799999999998;1;1;4.6712223370583
1;14.9999999999998;1;1;4.67387723659968
1;15.0199999999998;1;1;4.67652683164823
1;15.0399999999998;1;1;4.67917113280235
1;15.0599999999998;1;1;4.68181015063923
1;15.0799999999998;1;1;4.68444389571496
1;15.0999999999998;1;1;4.68707237856452
1;15.1199999999998;1;1;4.68969560970184
1;15.1399999999998;1;1;4.69231359961986
1;15.1599999999998;1;1;4.69492635879053
1;15.1799999999998;1;1;4.69753389766489
1;15.1999999999998;1;1;4.69948613227639
1;15.2199999999998;1;1;4.7027333562245
1;15.2399999999998;1;1;4.70532529670759
1;15.2599999999998;1;1;4.70791205849014
1;15.2799999999998;1;1;4.7104936519192
1;15.2999999999998;1;1;4.71307008732114
1;15.3199999999998;1;1;4.71564137500172
1;15.3399999999998;1;1;4.71820752524609
1;15.3599999999998;1;1;4.72076854831885
1;15.3799999999998;1;1;4.7233244544641
1;15.3999999999998;1;1;4.72587525390547
1;15.4199999999998;1;1;4.72842095684615
1;15.4399999999998;1;1;4.73096157346896
1;15.4599999999998;1;1;4.73349711393637
1;15.4799999999998;1;1;4.73602758839055
1;15.4999999999998;1;1;4.7385530069534
1;15.5199999999998;1;1;4.7410733797266
1;15.5399999999998;1;1;4.74358871679163
1;15.5599999999998;1;1;4.74609902820986
1;15.5799999999998;1;1;4.74860432402253
1;15.5999999999998;1;1;4.75110461425083
1;15.6199999999998;1;1;4.75359990889591
1;15.6399999999998;1;1;4.75609021793898
1;15.6599999999998;1;1;4.75857555134125
1;15.6799999999998;1;1;4.76105591904408
1;15.6999999999998;1;1;4.76353133096893
1;15.7199999999998;1;1;4.76600179701746
1;15.7399999999998;1;1;4.76846732707152
1;15.7599999999998;1;1;4.77092793099326
1;15.7799999999998;1;1;4.77338361862507
1;15.7999999999998;1;1;4.77583439978973
1;15.8199999999998;1;1;4.77828028429036
1;15.8399999999998;1;1;4.78072128191049
1;15.8599999999998;1;1;4.78315740241413
1;15.8799999999998;1;1;4.78558865554575
1;15.8999999999997;1;1;4.78801505103037
1;15.9199999999997;1;1;4.79043659857359
1;15.9399999999997;1;1;4.79285330786158
1;15.9599999999997;1;1;4.7952651885612
1;15.9799999999997;1;1;4.79767225031996
1;15.9999999999997;1;1;4.80007450276613
1;16.0199999999997;1;1;4.8024719555087
1;16.0399999999997;1;1;4.8048646181375
1;16.0599999999997;1;1;4.80725250022318
1;16.0799999999997;1;1;4.80963561131727
1;16.0999999999997;1;1;4.81201396095222
1;16.1199999999997;1;1;4.81438755864142
1;16.1399999999997;1;1;4.81675641387929
1;16.1599999999997;1;1;4.81912053614123
1;16.1799999999997;1;1;4.82147993488373
1;16.1999999999997;1;1;4.82383461954441
1;16.2199999999997;1;1;4.826184599542
1;16.2399999999997;1;1;4.82911547292492
1;16.2599999999997;1;1;4.83087048312881
1;16.2799999999997;1;1;4.83320640546158
1;16.2999999999997;1;1;4.83553766061842
1;16.3199999999997;1;1;4.83786425792434
1;16.3399999999997;1;1;4.84018620668575
1;16.3599999999997;1;1;4.84250351619044
1;16.3799999999997;1;1;4.84481619570764
1;16.3999999999997;1;1;4.84712425448809
1;16.4199999999997;1;1;4.84942770176403
1;16.4399999999997;1;1;4.85172654674923
1;16.4599999999997;1;1;4.85402079863909
1;16.4799999999997;1;1;4.85631046661062
1;16.4999999999997;1;1;4.85859555982249
1;16.5199999999997;1;1;4.86087608741508
1;16.5399999999997;1;1;4.86315205851049
1;16.5599999999997;1;1;4.86542348221263
1;16.5799999999997;1;1;4.86769036760718
1;16.5999999999997;1;1;4.86995272376169
1;16.6199999999997;1;1;4.87221055972559
1;16.6399999999997;1;1;4.87446388453023
1;16.6599999999997;1;1;4.8767127071889
1;16.6799999999997;1;1;4.87895703669691
1;16.6999999999997;1;1;4.88119688203156
1;16.7199999999997;1;1;4.88343225215225
1;16.7399999999997;1;1;4.88622018515358
1;16.7599999999997;1;1;4.88844551870794
1;16.7799999999997;1;1;4.89066640604289
1;16.7999999999997;1;1;4.89288285604199
1;16.8199999999997;1;1;4.89509487757103
1;16.8399999999997;1;1;4.89730247947811
1;16.8599999999997;1;1;4.89950567059364
1;16.8799999999997;1;1;4.90170445973039
1;16.8999999999997;1;1;4.90389885568351
1;16.9199999999997;1;1;4.90608886723059
1;16.9399999999997;1;1;4.90827450313168
1;16.9599999999997;1;1;4.91045577212933
1;16.9799999999997;1;1;4.91263268294862
1;16.9999999999997;1;1;4.91480524429719
1;17.0199999999997;1;1;4.91697346486529
1;17.0399999999997;1;1;4.9191373533258
1;17.0599999999997;1;1;4.92129691833428
1;17.0799999999997;1;1;4.923452168529
1;17.0999999999997;1;1;4.92560311253096
1;17.1199999999997;1;1;4.92774975894394
1;17.1399999999997;1;1;4.92989211635452
1;17.1599999999997;1;1;4.93203019333214
1;17.1799999999997;1;1;4.93416399842911
1;17.1999999999997;1;1;4.93629354018065
1;17.2199999999997;1;1;4.93841882710494
1;17.2399999999997;1;1;4.94106946535882
1;17.2599999999997;1;1;4.94265667045935
1;17.2799999999997;1;1;4.94476924384086
1;17.2999999999997;1;1;4.94687759629794
1;17.3199999999997;1;1;4.948981736264
1;17.3399999999997;1;1;4.9510816721556
1;17.3599999999997;1;1;4.95370069283528
1;17.3799999999997;1;1;4.95579120024537
1;17.3999999999997;1;1;4.95787753081886
1;17.4199999999997;1;1;4.95995969290109
1;17.4399999999997;1;1;4.9620376948207
1;17.4599999999997;1;1;4.96411154488971
1;17.4799999999997;1;1;4.96618125140351
1;17.4999999999997;1;1;4.96824682264094
1;17.5199999999997;1;1;4.97030826686429
1;17.5399999999997;1;1;4.97236559231933
1;17.5599999999997;1;1;4.97441880723537
1;17.5799999999997;1;1;4.97646791982527
1;17.5999999999997;1;1;4.97851293828549
1;17.6199999999997;1;1;4.9805538707961
1;17.6399999999997;1;1;4.98259072552083
1;17.6599999999997;1;1;4.98462351060711
1;17.6799999999997;1;1;4.98766507544685
1;17.6999999999997;1;1;4.98867690437262
1;17.7199999999997;1;1;4.99019275184624
1;17.7399999999997;1;1;4.99221034807378
1;17.7599999999997;1;1;4.99422391314138
1;17.7799999999997;1;1;4.99623345510329
1;17.7999999999997;1;1;4.99823898199768
1;17.8199999999997;1;1;5.00024050184666
1;17.8399999999997;1;1;5.00223802265632
1;17.8599999999997;1;1;5.00472931219022
1;17.8799999999997;1;1;5.00671786435083
1;17.8999999999997;1;1;5.00870244338157
1;17.9199999999997;1;1;5.01068305722076
1;17.9399999999997;1;1;5.01364656057144
1;17.9599999999997;1;1;5.0146324209985
1;17.9799999999997;1;1;5.01660118673452
1;17.9999999999997;1;1;5.01856601887396
1;18.0199999999997;1;1;5.02052692527618
1;18.0399999999997;1;1;5.02248391378479
1;18.0599999999997;1;1;5.02443699222775
1;18.0799999999997;1;1;5.02638616841738
1;18.0999999999997;1;1;5.02833145015038
1;18.1199999999997;1;1;5.03027284520789
1;18.1399999999997;1;1;5.03221036135549
1;18.1599999999997;1;1;5.03414400634324
1;18.1799999999997;1;1;5.03607378790573
1;18.1999999999997;1;1;5.03799971376209
1;18.2199999999997;1;1;5.03992179161602
1;18.2399999999997;1;1;5.04184002915583
1;18.2599999999997;1;1;5.04375443405449
1;18.2799999999997;1;1;5.0456650139696
1;18.2999999999997;1;1;5.0475717765435
1;18.3199999999997;1;1;5.04947472940324
1;18.3399999999997;1;1;5.05137388016063
1;18.3599999999997;1;1;5.05326923641227
1;18.3799999999997;1;1;5.05516080573959
1;18.3999999999997;1;1;5.05704859570888
1;18.4199999999997;1;1;5.0589326138713
1;18.4399999999997;1;1;5.06081286776291
1;18.4599999999997;1;1;5.06315790307799
1;18.4799999999997;1;1;5.06502971483614
1;18.4999999999997;1;1;5.0668977867119
1;18.5199999999997;1;1;5.06876212617756
1;18.5399999999997;1;1;5.07062274069049
1;18.5599999999997;1;1;5.07247963769314
1;18.5799999999997;1;1;5.07433282461311
1;18.5999999999997;1;1;5.07618230886313
1;18.6199999999997;1;1;5.07802809784117
1;18.6399999999997;1;1;5.07987019893036
1;18.6599999999997;1;1;5.08170861949912
1;18.6799999999997;1;1;5.08354336690114
1;18.6999999999997;1;1;5.0853744484754
1;18.7199999999997;1;1;5.08720187154624
1;18.7399999999997;1;1;5.08902564342335
1;18.7599999999997;1;1;5.09084577140181
1;18.7799999999997;1;1;5.09266226276215
1;18.7999999999997;1;1;5.09447512477034
1;18.8199999999997;1;1;5.09628436467781
1;18.8399999999997;1;1;5.09808998972153
1;18.8599999999997;1;1;5.09989200712402
1;18.8799999999997;1;1;5.10169042409333
1;18.8999999999997;1;1;5.10348524782314
1;18.9199999999997;1;1;5.10527648549274
1;18.9399999999997;1;1;5.1070641442671
1;18.9599999999997;1;1;5.10884823129684
1;18.9799999999997;1;1;5.11062875371831
1;18.9999999999997;1;1;5.11240571865362
1;19.0199999999997;1;1;5.11417913321062
1;19.0399999999997;1;1;5.11594900448297
1;19.0599999999997;1;1;5.11771533955016
1;19.0799999999997;1;1;5.11947814547753
1;19.0999999999997;1;1;5.1212374293163
1;19.1199999999997;1;1;5.12299319810363
1;19.1399999999997;1;1;5.12474545886258
1;19.1599999999997;1;1;5.12649421860219
1;19.1799999999997;1;1;5.12823948431751
1;19.1999999999997;1;1;5.12998126298961
1;19.2199999999997;1;1;5.13171956158561
1;19.2399999999997;1;1;5.13345438705869
1;19.2599999999997;1;1;5.13518574634816
1;19.2799999999997;1;1;5.13691364637946
1;19.2999999999997;1;1;5.13863809406421
1;19.3199999999997;1;1;5.14035909630017
1;19.3399999999997;1;1;5.14293415449269
1;19.3599999999997;1;1;5.1446465731942
1;19.3799999999997;1;1;5.14550149908681
1;19.3999999999997;1;1;5.1472087882304
1;19.4199999999997;1;1;5.148912666208
1;19.4399999999997;1;1;5.15061313983514
1;19.4599999999997;1;1;5.1523102159137
1;19.4799999999997;1;1;5.15484947447367
1;19.4999999999997;1;1;5.15569420256476
1;19.5199999999997;1;1;5.15738112667321
1;19.5399999999997;1;1;5.1594850428655
1;19.5599999999997;1;1;5.16074487019449
1;19.5799999999997;1;1;5.16242170306229
1;19.5999999999997;1;1;5.16409518561578
1;19.6199999999997;1;1;5.1657653245489
1;19.6399999999997;1;1;5.16743212654221
1;19.6599999999997;1;1;5.16909559826291
1;19.6799999999997;1;1;5.1707557463649
1;19.6999999999997;1;1;5.17241257748877
1;19.7199999999997;1;1;5.17447896198818
1;19.7399999999997;1;1;5.17612835412228
1;19.7599999999997;1;1;5.17777445076869
1;19.7799999999997;1;1;5.1794172585118
1;19.7999999999997;1;1;5.18105678392286
1;19.8199999999997;1;1;5.18269303355996
1;19.8399999999997;1;1;5.1843260139681
1;19.8599999999997;1;1;5.18595573167922
1;19.8799999999997;1;1;5.18758219321217
1;19.8999999999997;1;1;5.18920540507282
1;19.9199999999997;1;1;5.190825373754
1;19.9399999999997;1;1;5.1924421057356
1;19.9599999999997;1;1;5.19405560748455
1;19.9799999999997;1;1;5.19566588545485
1;19.9999999999997;1;1;5.19727294608762
1;20.0199999999997;1;1;5.19887679581111
1;20.0399999999997;1;1;5.20047744104071
1;20.0599999999997;1;1;5.202074888179
1;20.0799999999997;1;1;5.20366914361579
1;20.0999999999997;1;1;5.20526021372809
1;20.1199999999997;1;1;5.20684810488019
1;20.1399999999997;1;1;5.20843282342364
1;20.1599999999997;1;1;5.21001437569734
1;20.1799999999997;1;1;5.21159276802748
1;20.1999999999997;1;1;5.21316800672765
1;20.2199999999997;1;1;5.21474009809879
1;20.2399999999997;1;1;5.21630904842928
1;20.2599999999997;1;1;5.21787486399492
1;20.2799999999997;1;1;5.21943755105897
1;20.2999999999997;1;1;5.22099711587218
1;20.3199999999997;1;1;5.22255356467282
1;20.3399999999997;1;1;5.22410690368668
1;20.3599999999997;1;1;5.22565713912712
1;20.3799999999997;1;1;5.22720427719509
1;20.3999999999997;1;1;5.22874832407913
1;20.4199999999997;1;1;5.23028928595544
1;20.4399999999997;1;1;5.23182716898787
1;20.4599999999997;1;1;5.23336197932795
1;20.4799999999997;1;1;5.23489372311493
1;20.4999999999997;1;1;5.23642240647578
1;20.5199999999997;1;1;5.23794803552524
1;20.5399999999997;1;1;5.23947061636582
1;20.5599999999997;1;1;5.24099015508785
1;20.5799999999997;1;1;5.24288530976972
1;20.5999999999997;1;1;5.24439802592978
1;20.6199999999996;1;1;5.24590771968094
1;20.6399999999996;1;1;5.24741439706197
1;20.6599999999996;1;1;5.24891806409959
1;20.6799999999996;1;1;5.25041872680846
1;20.6999999999996;1;1;5.25191639119124
1;20.7199999999996;1;1;5.25341106323859
1;20.7399999999996;1;1;5.25490274892919
1;20.7599999999996;1;1;5.25639145422979
1;20.7799999999996;1;1;5.25824815375279
1;20.7999999999996;1;1;5.25935994746841
1;20.8199999999996;1;1;5.26083974728039
1;20.8399999999996;1;1;5.26231659045038
1;20.8599999999996;1;1;5.26379048288575
1;20.8799999999996;1;1;5.26526143048206
1;20.8999999999996;1;1;5.26672943912312
1;20.9199999999996;1;1;5.26819451468096
1;20.9399999999996;1;1;5.27002174340667
1;20.9599999999996;1;1;5.27148024093616
1;20.9799999999996;1;1;5.27293582438565
1;20.9999999999996;1;1;5.27438849957746
1;21.0199999999996;1;1;5.2758382723223
1;21.0399999999996;1;1;5.27728514841927
1;21.0599999999996;1;1;5.27872913365586
1;21.0799999999996;1;1;5.28017023380803
1;21.0999999999996;1;1;5.28160845464017
1;21.1199999999996;1;1;5.28304380190518
1;21.1399999999996;1;1;5.28447628134444
1;21.1599999999996;1;1;5.28590589868787
1;21.1799999999996;1;1;5.28733265965394
1;21.1999999999996;1;1;5.2887565699497
1;21.2199999999996;1;1;5.29017763527079
1;21.2399999999996;1;1;5.29159586130147
1;21.2599999999996;1;1;5.29301125371466
1;21.2799999999996;1;1;5.29442381817192
1;21.2999999999996;1;1;5.29583356032351
1;21.3199999999996;1;1;5.2972404858084
1;21.3399999999996;1;1;5.2986446002543
1;21.3599999999996;1;1;5.30004590927767
1;21.3799999999996;1;1;5.3017936089696
1;21.3999999999996;1;1;5.30318862626935
1;21.4199999999996;1;1;5.30458085632268
1;21.4399999999996;1;1;5.30597030469851
1;21.4599999999996;1;1;5.30735697695464
1;21.4799999999996;1;1;5.30874087863775
1;21.4999999999996;1;1;5.31012201528345
1;21.5199999999996;1;1;5.31150039241629
1;21.5399999999996;1;1;5.31287601554978
1;21.5599999999996;1;1;5.31424889018642
1;21.5799999999996;1;1;5.3156190218177
1;21.5999999999996;1;1;5.31698641592417
1;21.6199999999996;1;1;5.31835107797538
1;21.6399999999996;1;1;5.31971301343
1;21.6599999999996;1;1;5.32107222773576
1;21.6799999999996;1;1;5.32242872632953
1;21.6999999999996;1;1;5.3237825146373
1;21.7199999999996;1;1;5.32513359807423
1;21.7399999999996;1;1;5.32648198204465
1;21.7599999999996;1;1;5.3278276719421
1;21.7799999999996;1;1;5.32917067314934
1;21.7999999999996;1;1;5.33051099103838
1;21.8199999999996;1;1;5.33184863097049
1;21.8399999999996;1;1;5.33318359829623
1;21.8599999999996;1;1;5.33451589835548
1;21.8799999999996;1;1;5.33617753070372
1;21.8999999999996;1;1;5.33750384888203
1;21.9199999999996;1;1;5.33882751707486
1;21.9399999999996;1;1;5.34014854057686
1;21.9599999999996;1;1;5.34146692467215
1;21.9799999999996;1;1;5.34278267463426
1;21.9999999999996;1;1;5.3440957957262
1;22.0199999999996;1;1;5.34540629320044
1;22.0399999999996;1;1;5.34671417229898
1;22.0599999999996;1;1;5.34801943825334
1;22.0799999999996;1;1;5.34932209628458
1;22.0999999999996;1;1;5.35062215160334
1;22.1199999999996;1;1;5.35191960940984
1;22.1399999999996;1;1;5.35321447489392
1;22.1599999999996;1;1;5.35450675323503
1;22.1799999999996;1;1;5.35579644960229
1;22.1999999999996;1;1;5.35708356915449
1;22.2199999999996;1;1;5.35900942821405
1;22.2399999999996;1;1;5.35997019331776
1;22.2599999999996;1;1;5.36092951835413
1;22.2799999999996;1;1;5.36220638202813
1;22.2999999999996;1;1;5.3634806945268
1;22.3199999999996;1;1;5.36475246094741
1;22.3399999999996;1;1;5.366021686377
1;22.3599999999996;1;1;5.36728837589251
1;22.3799999999996;1;1;5.36855253456067
1;22.3999999999996;1;1;5.36981416743812
1;22.4199999999996;1;1;5.37107327957141
1;22.4399999999996;1;1;5.37232987599697
1;22.4599999999996;1;1;5.37358396174121
1;22.4799999999996;1;1;5.37483554182045
1;22.4999999999996;1;1;5.37608462124103
1;22.5199999999996;1;1;5.37733120499926
1;22.5399999999996;1;1;5.37857529808148
1;22.5599999999996;1;1;5.38012691950137
1;22.5799999999996;1;1;5.38136542674229
1;22.5999999999996;1;1;5.38260145944409
1;22.6199999999996;1;1;5.38383502255091
1;22.6399999999996;1;1;5.38506612099699
1;22.6599999999996;1;1;5.38629475970674
1;22.6799999999996;1;1;5.38752094359471
1;22.6999999999996;1;1;5.38874467756564
1;22.7199999999996;1;1;5.38996596651447
1;22.7399999999996;1;1;5.39118481532634
1;22.7599999999996;1;1;5.39240122887667
1;22.7799999999996;1;1;5.3936152120311
1;22.7999999999996;1;1;5.39482676964557
1;22.8199999999996;1;1;5.39603590656631
1;22.8399999999996;1;1;5.39724262762987
1;22.8599999999996;1;1;5.39844693766314
1;22.8799999999996;1;1;5.39964884148336
1;22.8999999999996;1;1;5.40084834389815
1;22.9199999999996;1;1;5.40204544970551
1;22.9399999999996;1;1;5.40324016369387
1;22.9599999999996;1;1;5.40443249064209
1;22.9799999999996;1;1;5.40562243531948
1;22.9999999999996;1;1;5.40681000248582
1;23.0199999999996;1;1;5.40799519689138
1;23.0399999999996;1;1;5.40917802327693
1;23.0599999999996;1;1;5.4103584863738
1;23.0799999999996;1;1;5.41153659090382
1;23.0999999999996;1;1;5.4130059120099
1;23.1199999999996;1;1;5.41417872697998
1;23.1399999999996;1;1;5.41534919866417
1;23.1599999999996;1;1;5.41651733174439
1;23.1799999999996;1;1;5.41768313089315
1;23.1999999999996;1;1;5.41884660077366
1;23.2199999999996;1;1;5.4200077460398
1;23.2399999999996;1;1;5.42116657133615
1;23.2599999999996;1;1;5.42232308129801
1;23.2799999999996;1;1;5.42347728055143
1;23.2999999999996;1;1;5.4246291737132
1;23.3199999999996;1;1;5.4257787653909
1;23.3399999999996;1;1;5.42692606018289
1;23.3599999999996;1;1;5.42807106267836
1;23.3799999999996;1;1;5.42921377745732
1;23.3999999999996;1;1;5.43035420909063
1;23.4199999999996;1;1;5.43177654490733
1;23.4399999999996;1;1;5.43262824115809
1;23.4599999999996;1;1;5.43376185068837
1;23.4799999999996;1;1;5.43489319526531
1;23.4999999999996;1;1;5.43602227941426
1;23.5199999999996;1;1;5.43714910765159
1;23.5399999999996;1;1;5.43855447743826
1;23.5599999999996;1;1;5.43967624634056
1;23.5799999999996;1;1;5.4407957739471
1;23.5999999999996;1;1;5.44191306473598
1;23.6199999999996;1;1;5.44302812317639
1;23.6399999999996;1;1;5.44441881378087
1;23.6599999999996;1;1;5.44525156084376
1;23.6799999999996;1;1;5.44635994896449
1;23.6999999999996;1;1;5.44746612252428
1;23.7199999999996;1;1;5.44857008594782
1;23.7399999999996;1;1;5.44967184365097
1;23.7599999999996;1;1;5.45077140004076
1;23.7799999999996;1;1;5.45186875951542
1;23.7999999999996;1;1;5.45296392646438
1;23.8199999999996;1;1;5.45405690526832
1;23.8399999999996;1;1;5.45514770029915
1;23.8599999999996;1;1;5.45623631592006
1;23.8799999999996;1;1;5.45732275648551
1;23.8999999999996;1;1;5.45867775514024
1;23.9199999999996;1;1;5.45975931770688
1;23.9399999999996;1;1;5.46083871931006
1;23.9599999999996;1;1;5.4619159642674
1;23.9799999999996;1;1;5.46299105688788
1;23.9999999999996;1;1;5.46406400147187
1;24.0199999999996;1;1;5.46513480231116
1;24.0399999999996;1;1;5.46620346368894
1;24.0599999999996;1;1;5.46726998987986
1;24.0799999999996;1;1;5.46833438515003
1;24.0999999999996;1;1;5.46939665375703
1;24.1199999999996;1;1;5.47045679994994
1;24.1399999999996;1;1;5.47151482796935
1;24.1599999999996;1;1;5.47257074204736
1;24.1799999999996;1;1;5.47362454640764
1;24.1999999999996;1;1;5.4746762452654
1;24.2199999999996;1;1;5.47572584282744
1;24.2399999999996;1;1;5.47677334329215
1;24.2599999999996;1;1;5.47781875084954
1;24.2799999999996;1;1;5.47886206968124
1;24.2999999999996;1;1;5.47990330396052
1;24.3199999999996;1;1;5.48094245785232
1;24.3399999999996;1;1;5.48197953551326
1;24.3599999999996;1;1;5.48301454109166
1;24.3799999999996;1;1;5.48404747872752
1;24.3999999999996;1;1;5.48507835255262
1;24.4199999999996;1;1;5.48610716669044
1;24.4399999999996;1;1;5.48713392525624
1;24.4599999999996;1;1;5.48815863235706
1;24.4799999999996;1;1;5.49096603245185
1;24.4999999999996;1;1;5.49096603245185
1;24.5199999999996;1;1;5.49147481198723
1;24.5399999999996;1;1;5.49249084599057
1;24.5599999999996;1;1;5.49299810147457
1;24.5799999999996;1;1;5.49426402315944
1;24.5999999999996;1;1;5.49527448431515
1;24.6199999999996;1;1;5.49628292656812
1;24.6399999999996;1;1;5.49728935395212
1;24.6599999999996;1;1;5.49829377049287
1;24.6799999999996;1;1;5.49929618020803
1;24.6999999999996;1;1;5.50029658710725
1;24.7199999999996;1;1;5.50129499519215
1;24.7399999999996;1;1;5.50229140845636
1;24.7599999999996;1;1;5.50328583088554
1;24.7799999999996;1;1;5.50427826645739
1;24.7999999999996;1;1;5.50526871914164
1;24.8199999999996;1;1;5.5062571929001
1;24.8399999999996;1;1;5.50724369168669
1;24.8599999999996;1;1;5.50822821944738
1;24.8799999999996;1;1;5.50921078012029
1;24.8999999999996;1;1;5.51019137763567
1;24.9199999999996;1;1;5.5111700159159
1;24.9399999999996;1;1;5.51214669887555
1;24.9599999999996;1;1;5.51312143042134
1;24.9799999999996;1;1;5.51409421445221
1;24.9999999999996;1;1;5.51506505485929
1;25.0199999999996;1;1;5.51603395552593
1;25.0399999999996;1;1;5.51700092032776
1;25.0599999999996;1;1;5.51820690991184
1;25.0799999999996;1;1;5.51989023818427
1;25.0999999999996;1;1;5.52013023306146
1;25.1199999999996;1;1;5.52108901349531
1;25.1399999999996;1;1;5.52323927122613
1;25.1599999999996;1;1;5.52347759200535
1;25.1799999999996;1;1;5.52395387623155
1;25.1999999999996;1;1;5.52466741013299
1;25.2199999999996;1;1;5.525617125281
1;25.2399999999996;1;1;5.52656494289688
1;25.2599999999996;1;1;5.52751086677191
1;25.2799999999996;1;1;5.52869061430611
1;25.2999999999996;1;1;5.52963229108682
1;25.3199999999995;1;1;5.53057208639607
1;25.3399999999995;1;1;5.53151000399304
1;25.3599999999995;1;1;5.53244604762941
1;25.3799999999995;1;1;5.53338022104934
1;25.3999999999995;1;1;5.53431252798953
1;25.4199999999995;1;1;5.53524297217921
1;25.4399999999995;1;1;5.53617155734017
1;25.4599999999995;1;1;5.53709828718673
1;25.4799999999995;1;1;5.53802316542583
1;25.4999999999995;1;1;5.53894619575696
1;25.5199999999995;1;1;5.53986738187227
1;25.5399999999995;1;1;5.54078672745649
1;25.5599999999995;1;1;5.54170423618701
1;25.5799999999995;1;1;5.54261991173387
1;25.5999999999995;1;1;5.54353375775976
1;25.6199999999995;1;1;5.54444577792007
1;25.6399999999995;1;1;5.54535597586289
1;25.6599999999995;1;1;5.546264355229
1;25.6799999999995;1;1;5.54717091965193
1;25.6999999999995;1;1;5.54830157844043
1;25.7199999999995;1;1;5.54897861816603
1;25.7399999999995;1;1;5.549879759488
1;25.7599999999995;1;1;5.5507791003284
1;25.7799999999995;1;1;5.55167664428461
1;25.7999999999995;1;1;5.55257239494679
1;25.8199999999995;1;1;5.55346635589796
1;25.8399999999995;1;1;5.55435853071396
1;25.8599999999995;1;1;5.55547124291738
1;25.8799999999995;1;1;5.55635941196644
1;25.8999999999995;1;1;5.55768833934278
1;25.9199999999995;1;1;5.55813042992131
1;25.9399999999995;1;1;5.55901328591119
1;25.9599999999995;1;1;5.55989437795363
1;25.9799999999995;1;1;5.560773709573
1;25.9999999999995;1;1;5.56165128428661
1;26.0199999999995;1;1;5.56252710560478
1;26.0399999999995;1;1;5.56340117703079
1;26.0599999999995;1;1;5.56427350206092
1;26.0799999999995;1;1;5.56514408418448
1;26.0999999999995;1;1;5.5660129268838
1;26.1199999999995;1;1;5.56688003363424
1;26.1399999999995;1;1;5.56774540790425
1;26.1599999999995;1;1;5.5686090531553
1;26.1799999999995;1;1;5.569470972842
1;26.1999999999995;1;1;5.57033117041201
1;26.2199999999995;1;1;5.57118964930613
1;26.2399999999995;1;1;5.57204641295828
1;26.2599999999995;1;1;5.57290146479551
1;26.2799999999995;1;1;5.57375480823803
1;26.2999999999995;1;1;5.57460644669921
1;26.3199999999995;1;1;5.57545638358562
1;26.3399999999995;1;1;5.57630462229699
1;26.3599999999995;1;1;5.57715116622628
1;26.3799999999995;1;1;5.57799601875968
1;26.3999999999995;1;1;5.57883918327659
1;26.4199999999995;1;1;5.57968066314967
1;26.4399999999995;1;1;5.58052046174484
1;26.4599999999995;1;1;5.5813585824213
1;26.4799999999995;1;1;5.58219502853154
1;26.4999999999995;1;1;5.58302980342133
1;26.5199999999995;1;1;5.58427883952014
1;26.5399999999995;1;1;5.58490195380831
1;26.5599999999995;1;1;5.5855241341257
1;26.5799999999995;1;1;5.58635225745807
1;26.5999999999995;1;1;5.58717872619893
1;26.6199999999995;1;1;5.58800354365414
1;26.6399999999995;1;1;5.58903224837831
1;26.6599999999995;1;1;5.58964823789811
1;26.6799999999995;1;1;5.59067283602206
1;26.6999999999995;1;1;5.59128636650513
1;26.7199999999995;1;1;5.59210297688953
1;26.7399999999995;1;1;5.59291795568529
1;26.7599999999995;1;1;5.59373130615234
1;26.7799999999995;1;1;5.59454303154407
1;26.7999999999995;1;1;5.59535313510738
1;26.8199999999995;1;1;5.5961616200827
1;26.8399999999995;1;1;5.59696848970395
1;26.8599999999995;1;1;5.59777374719863
1;26.8799999999995;1;1;5.59857739578776
1;26.8999999999995;1;1;5.59937943868594
1;26.9199999999995;1;1;5.60017987910134
1;26.9399999999995;1;1;5.60097872023572
1;26.9599999999995;1;1;5.60177596528446
1;26.9799999999995;1;1;5.60257161743652
1;26.9999999999995;1;1;5.60336567987452
1;27.0199999999995;1;1;5.60415815577471
1;27.0399999999995;1;1;5.604949048307
1;27.0599999999995;1;1;5.60573836063496
1;27.0799999999995;1;1;5.60652609591583
1;27.0999999999995;1;1;5.60731225730055
1;27.1199999999995;1;1;5.60809684793379
1;27.1399999999995;1;1;5.60927079558805
1;27.1599999999995;1;1;5.60966132949296
1;27.1799999999995;1;1;5.61044122667683
1;27.1999999999995;1;1;5.61141390725281
1;27.2199999999995;1;1;5.61219030278398
1;27.2399999999995;1;1;5.61296514707584
1;27.2599999999995;1;1;5.61373844322777
1;27.2799999999995;1;1;5.61451019433295
1;27.2999999999995;1;1;5.61528040347841
1;27.3199999999995;1;1;5.61604907374496
1;27.3399999999995;1;1;5.6168162082073
1;27.3599999999995;1;1;5.61758180993396
1;27.3799999999995;1;1;5.61834588198735
1;27.3999999999995;1;1;5.61910842742375
1;27.4199999999995;1;1;5.61986944929336
1;27.4399999999995;1;1;5.62062895064026
1;27.4599999999995;1;1;5.62138693450245
1;27.4799999999995;1;1;5.62214340391188
1;27.4999999999995;1;1;5.62289836189442
1;27.5199999999995;1;1;5.62365181146991
1;27.5399999999995;1;1;5.62440375565214
1;27.5599999999995;1;1;5.62515419744889
1;27.5799999999995;1;1;5.62590313986193
1;27.5999999999995;1;1;5.62665058588703
1;27.6199999999995;1;1;5.62739653851398
1;27.6399999999995;1;1;5.62832688375159
1;27.6599999999995;1;1;5.62906948713318
1;27.6799999999995;1;1;5.62981060679221
1;27.6999999999995;1;1;5.63055024569318
1;27.7199999999995;1;1;5.63128840679464
1;27.7399999999995;1;1;5.63202509304923
1;27.7599999999995;1;1;5.6327603074037
1;27.7799999999995;1;1;5.63349405279892
1;27.7999999999995;1;1;5.63422633216986
1;27.8199999999995;1;1;5.63495714844564
1;27.8399999999995;1;1;5.63568650454952
1;27.8599999999995;1;1;5.63641440339894
1;27.8799999999995;1;1;5.63714084790549
1;27.8999999999995;1;1;5.63786584097494
1;27.9199999999995;1;1;5.63858938550728
1;27.9399999999995;1;1;5.63931148439667
1;27.9599999999995;1;1;5.64003214053153
1;27.9799999999995;1;1;5.64075135679446
1;27.9999999999995;1;1;5.64146913606234
1;28.0199999999995;1;1;5.64218548120629
1;28.0399999999995;1;1;5.64290039509169
1;28.0599999999995;1;1;5.64361388057819
1;28.0799999999995;1;1;5.64432594051974
1;28.0999999999995;1;1;5.64503657776458
1;28.1199999999995;1;1;5.64574579515526
1;28.1399999999995;1;1;5.64680696521882
1;28.1599999999995;1;1;5.64715998171593
1;28.1799999999995;1;1;5.64786495654268
1;28.1999999999995;1;1;5.64874419464576
1;28.2199999999995;1;1;5.64927068338852
1;28.2399999999995;1;1;5.64997144103051
1;28.2599999999995;1;1;5.6506707985578
1;28.2799999999995;1;1;5.65136875876783
1;28.2999999999995;1;1;5.6522392483056
1;28.3199999999995;1;1;5.65293407475094
1;28.3399999999995;1;1;5.65362751293211
1;28.3599999999995;1;1;5.65431956562287
1;28.3799999999995;1;1;5.65501023559143
1;28.3999999999995;1;1;5.65587163280729
1;28.4199999999995;1;1;5.65638743840716
1;28.4399999999995;1;1;5.65707397676315
1;28.4599999999995;1;1;5.65775914341458
1;28.4799999999995;1;1;5.65844294110213
1;28.4999999999995;1;1;5.65912537256099
1;28.5199999999995;1;1;5.65980644052089
1;28.5399999999995;1;1;5.66048614770609
1;28.5599999999995;1;1;5.66116449683543
1;28.5799999999995;1;1;5.66184149062231
1;28.5999999999995;1;1;5.6625171317747
1;28.6199999999995;1;1;5.66319142299516
1;28.6399999999995;1;1;5.66386436698087
1;28.6599999999995;1;1;5.6645359664236
1;28.6799999999995;1;1;5.66520622400975
1;28.6999999999995;1;1;5.66587514242034
1;28.7199999999995;1;1;5.66654272433106
1;28.7399999999995;1;1;5.66720897241224
1;28.7599999999995;1;1;5.66787388932886
1;28.7799999999995;1;1;5.66853747774059
1;28.7999999999995;1;1;5.6691997403018
1;28.8199999999995;1;1;5.66986067966152
1;28.8399999999995;1;1;5.67052029846352
1;28.8599999999995;1;1;5.67117859934628
1;28.8799999999995;1;1;5.67183558494299
1;28.8999999999995;1;1;5.67249125788161
1;28.9199999999995;1;1;5.67330900712444
1;28.9399999999995;1;1;5.67379867627008
1;28.9599999999995;1;1;5.67461316104923
1;28.9799999999995;1;1;5.67526328438708
1;28.9999999999995;1;1;5.67591210877764
1;29.0199999999995;1;1;5.6765596368162
1;29.0399999999995;1;1;5.67720587109288
1;29.0599999999995;1;1;5.67785081419261
1;29.0799999999995;1;1;5.67849446869518
1;29.0999999999995;1;1;5.67913683717518
1;29.1199999999995;1;1;5.67977792220211
1;29.1399999999995;1;1;5.6804177263403
1;29.1599999999995;1;1;5.68105625214897
1;29.1799999999995;1;1;5.68169350218222
1;29.1999999999995;1;1;5.68232947898906
1;29.2199999999995;1;1;5.68296418511339
1;29.2399999999995;1;1;5.68359762309403
1;29.2599999999995;1;1;5.68422979546475
1;29.2799999999995;1;1;5.68486070475423
1;29.2999999999995;1;1;5.68549035348611
1;29.3199999999995;1;1;5.68611874417898
1;29.3399999999995;1;1;5.6869024672565
1;29.3599999999995;1;1;5.68752803654417
1;29.3799999999995;1;1;5.68815235594358
1;29.3999999999995;1;1;5.688775427952
1;29.4199999999995;1;1;5.6893972550617
1;29.4399999999995;1;1;5.69001783976002
1;29.4599999999995;1;1;5.69063718452928
1;29.4799999999995;1;1;5.69125529184687
1;29.4999999999995;1;1;5.69187216418522
1;29.5199999999995;1;1;5.69248780401181
1;29.5399999999995;1;1;5.6931022137892
1;29.5599999999995;1;1;5.69371539597504
1;29.5799999999995;1;1;5.69432735302206
1;29.5999999999995;1;1;5.69493808737808
1;29.6199999999995;1;1;5.69554760148604
1;29.6399999999995;1;1;5.69615589778401
1;29.6599999999995;1;1;5.69676297870516
1;29.6799999999995;1;1;5.69736884667782
1;29.6999999999995;1;1;5.69797350412546
1;29.7199999999995;1;1;5.69857695346672
1;29.7399999999995;1;1;5.69917919711539
1;29.7599999999995;1;1;5.69978023748045
1;29.7799999999995;1;1;5.70052984948132
1;29.7999999999995;1;1;5.70097871797157
1;29.8199999999995;1;1;5.70157616289156
1;29.8399999999995;1;1;5.7021724141158
1;29.8599999999995;1;1;5.7027674740293
1;29.8799999999995;1;1;5.7033613450123
1;29.8999999999995;1;1;5.70395402944029
1;29.9199999999995;1;1;5.704545529684
1;29.9399999999995;1;1;5.70513584810943
1;29.9599999999995;1;1;5.70572498707786
1;29.9799999999995;1;1;5.70631294894585
1;29.9999999999994;1;1;5.70689973606525
1;30.0199999999994;1;1;5.70748535078319
